name,percent
Python,22.644873389470419
Git,10.115521698634951
ORM,16.6194
Django,8.887413781724006
Linux,11.031694839793853
English,5.321270509669097
Flask,4.254734136934179
Docker,2.7485311620554825
JavaScript,3.7246324661334484
OOP,2.7475214749519167
Rest,2.139817635675324
Bash,2.0584009533020416
Jira,4.957656938594734
Jupyter,2.7485311620554825