Python,Git,CRM,Django,Linux,English,Flask,Docker,JavaScript,OOP,Redis,Rest,Bash,Jira,Jupyter
0.22644873389470419,0.10115521698634951,0.12849671153752068,0.08887413781724006,0.11031694839793853,0.05321270509669097,0.04254734136934179,0.027485311620554825,0.037246324661334484,0.027475214749519167,0.037697286972530074,0.02139817635675324,0.020584009533020416,0.04957656938594734,0.027485311620554825